{
  "learning_rates_tested": [
    0.1,
    1.0
  ],
  "hidden_sizes_tested": [
    64,
    128,
    256
  ],
  "results": {
    "64": {
      "0.1": {
        "train_loss": 0.21178868412971497,
        "train_acc": 0.92005,
        "test_acc": 0.9206,
        "peak_memory_mb": 224.69461822509766
      },
      "1.0": {
        "train_loss": 0.05522938072681427,
        "train_acc": 0.9815333333333334,
        "test_acc": 0.9775,
        "peak_memory_mb": 224.68898487091064
      }
    },
    "128": {
      "0.1": {
        "train_loss": 0.22555141150951385,
        "train_acc": 0.91395,
        "test_acc": 0.9149,
        "peak_memory_mb": 269.208345413208
      },
      "1.0": {
        "train_loss": 0.07071016728878021,
        "train_acc": 0.976,
        "test_acc": 0.9719,
        "peak_memory_mb": 269.20868015289307
      }
    },
    "256": {
      "0.1": {
        "train_loss": 0.2464674860239029,
        "train_acc": 0.9035333333333333,
        "test_acc": 0.9043,
        "peak_memory_mb": 358.24974250793457
      },
      "1.0": {
        "train_loss": 0.05514470487833023,
        "train_acc": 0.9807833333333333,
        "test_acc": 0.9779,
        "peak_memory_mb": 358.2495822906494
      }
    }
  },
  "gradient_check": {
    "W1_100_30": 0.0,
    "W1_500_50": 0.0,
    "W2_30_0": 0.0,
    "b1_10": 0.0
  }
}